,0
0,https://www.nytimes.com/2006/02/08/dining/reviews/08rest.html
1,https://www.nytimes.com/2010/04/07/dining/reviews/07rest.html
2,https://www.nytimes.com/2005/09/28/dining/reviews/a-new-place-where-new-isnt-the-goal.html
3,https://www.nytimes.com/2008/07/02/dining/reviews/02rest.html
4,https://www.nytimes.com/2010/07/14/dining/reviews/14rest.html
5,https://www.nytimes.com/1999/09/22/dining/restaurants-where-the-hip-gather-and-the-food-is-fun.html
6,https://www.nytimes.com/2011/09/07/dining/reviews/craft-nyc-restaurant-review.html
7,https://www.nytimes.com/2006/06/28/dining/reviews/28rest.html
8,https://www.nytimes.com/2012/03/14/dining/reviews/acme-signals-the-arrival-of-new-nordic-cuisine.html
9,https://www.nytimes.com/2004/03/31/dining/restaurants-aromas-of-wood-smoke-raising-hopes.html
10,https://www.nytimes.com/2002/01/16/dining/restaurants-an-imaginary-tour-of-the-mediterranean.html
11,https://www.nytimes.com/2016/06/29/dining/freeks-mill-review.html
12,https://www.nytimes.com/2006/04/12/dining/reviews/meeting-the-sicilian-side-of-the-family.html
13,https://www.nytimes.com/2006/04/19/dining/reviews/19rest.html
14,https://www.nytimes.com/2009/04/01/dining/reviews/01rest.html
15,https://www.nytimes.com/2006/07/05/dining/reviews/from-delphi-by-way-of-cleveland.html
16,https://www.nytimes.com/2002/07/10/dining/restaurants-after-the-cigars-a-simple-steakhouse.html
17,https://www.nytimes.com/2007/09/19/dining/reviews/19rest.html
18,https://www.nytimes.com/2018/05/29/dining/don-angie-review.html
19,https://www.nytimes.com/2004/12/01/dining/reviews/greek-reinterpreted-in-manhattan.html
20,https://www.nytimes.com/2012/06/20/dining/reviews/the-nomad-in-new-york.html
21,https://www.nytimes.com/2005/09/21/dining/reviews/tradition-two-ways-plain-or-fancy.html
22,https://www.nytimes.com/1998/10/14/dining/restaurants-in-a-steak-palace-a-timely-turn-to-pasta.html
23,https://www.nytimes.com/2017/12/05/dining/jeju-noodle-bar-review-korean-ramen.html
24,https://www.nytimes.com/2010/09/29/dining/29rest.html
25,https://www.nytimes.com/2016/05/25/dining/indian-accent-restaurant-review.html
26,https://www.nytimes.com/2010/05/12/dining/reviews/12rest.html
27,https://www.nytimes.com/2001/09/05/dining/restaurants-parisian-elegance-on-the-upper-east-side.html
28,https://www.nytimes.com/2000/12/06/dining/restaurants-ambitious-dishes-from-a-sleepless-kitchen.html
29,https://www.nytimes.com/2009/03/11/dining/reviews/11rest.html
30,https://www.nytimes.com/2017/09/26/dining/cervos-review-restaurant.html
31,https://www.nytimes.com/2006/02/22/dining/reviews/22rest.html
32,https://www.nytimes.com/2017/06/06/dining/king-restaurant-review-soho.html
33,https://www.nytimes.com/2018/09/18/dining/shoji-at-69-leonard-street-review.html
34,https://www.nytimes.com/2002/01/02/dining/restaurants-bistro-flavors-in-an-unbistrolike-setting.html
35,https://www.nytimes.com/2005/05/04/dining/reviews/at-moma-dining-with-picasso.html
36,https://www.nytimes.com/2016/08/17/dining/gramercy-tavern-review.html
37,https://www.nytimes.com/2006/09/20/dining/reviews/hiding-in-notsoplain-sight.html
38,https://www.nytimes.com/2005/04/27/dining/reviews/a-fanciful-bistro-but-not-too-fancy.html
39,https://www.nytimes.com/1998/11/18/dining/restaurants-south-indian-fare-crisp-and-distinctive.html
40,https://www.nytimes.com/2006/10/04/dining/reviews/the-counter-as-altar.html
41,https://www.nytimes.com/2012/07/18/dining/reviews/atera-in-tribeca.html
42,https://www.nytimes.com/2006/01/25/dining/reviews/stuffed-pork.html
43,https://www.nytimes.com/2008/02/06/dining/reviews/06rest.html
44,https://www.nytimes.com/2017/10/17/dining/the-pool-review.html
45,https://www.nytimes.com/2002/12/04/dining/restaurants-only-the-food-speaks-italian-that-s-enough.html
46,https://www.nytimes.com/2001/08/29/dining/restaurants-the-tomato-virtuoso-of-second-avenue.html
47,https://www.nytimes.com/2010/08/18/dining/reviews/18rest.html
48,https://www.nytimes.com/2001/10/24/dining/restaurants-a-supercool-setting-but-a-warm-welcome.html
49,https://www.nytimes.com/2016/09/07/dining/cassia-santa-monica-restaurant-review-pete-wells.html
50,https://www.nytimes.com/2008/10/29/dining/reviews/29rest.html
51,https://www.nytimes.com/2007/12/26/dining/reviews/26rest.html
52,https://www.nytimes.com/2017/11/14/dining/cote-review-korean-barbecue.html
53,https://www.nytimes.com/2013/09/18/dining/the-secret-to-a-crisp-and-tender-eggplant-sandwich.html
54,https://www.nytimes.com/2007/06/20/dining/reviews/20rest.html
55,https://www.nytimes.com/2011/06/22/dining/reviews/desmonds-nyc-restaurant-review.html
56,https://www.nytimes.com/2002/11/27/dining/restaurants-sushi-with-respect-for-past-and-present.html
57,https://www.nytimes.com/2000/05/10/dining/restaurants-london-paris-a-global-vision-under-the-bridge.html
58,https://www.nytimes.com/2019/04/09/dining/haenyeo-restaurant-review-jenny-kwak.html
59,https://www.nytimes.com/2017/10/10/dining/public-kitchen-review-jean-georges-vongerichten-nyc.html
60,https://www.nytimes.com/2011/08/31/dining/reviews/456-shanghai-cuisine-nyc-restaurant-review.html
61,https://www.nytimes.com/2012/08/22/dining/reviews/la-vara-in-cobble-hill-brooklyn-restaurant-review.html
62,https://www.nytimes.com/2006/07/19/dining/reviews/ringmasters-back-stroking-the-lions.html
63,https://www.nytimes.com/2016/12/13/dining/best-restaurants-in-nyc-pete-wells.html
64,https://www.nytimes.com/2016/08/10/dining/olmsted-restaurant-review.html
65,https://www.nytimes.com/2004/11/17/dining/reviews/left-or-right-a-place-to-be-centered.html
66,https://www.nytimes.com/2002/04/03/dining/restaurants-comfort-food-in-a-crowded-intersection.html
67,https://www.nytimes.com/2008/12/03/dining/reviews/03rest.html
68,https://www.nytimes.com/2005/03/02/dining/confessions-of-a-reformed-sushi-eater.html
69,https://www.nytimes.com/2002/09/04/dining/restaurants-shades-of-prewar-paris-with-a-jazz-score.html
70,https://www.nytimes.com/2015/12/30/dining/senor-frogs-review.html
71,https://www.nytimes.com/2012/05/23/dining/reviews/le-bernardin-in-midtown-manhattan.html
72,https://www.nytimes.com/2007/10/17/dining/reviews/17rest.html
73,https://www.nytimes.com/2006/10/18/dining/reviews/a-power-lunch-fit-for-a-robber-baron.html
74,https://www.nytimes.com/2003/12/17/dining/restaurants-the-southern-hemisphere-via-london.html
75,https://www.nytimes.com/1998/07/01/dining/restaurants-serving-bar-food-with-attitude.html
76,https://www.nytimes.com/2011/04/13/dining/reviews/13rest.html
77,https://www.nytimes.com/2003/12/31/dining/restaurants-west-side-trattoria-with-velvet-booth-style.html
78,https://www.nytimes.com/2005/02/23/dining/sometimes-a-great-notion.html
79,https://www.nytimes.com/2017/04/25/dining/union-square-cafe-review.html
80,https://www.nytimes.com/2017/05/30/dining/tim-ho-wan-review-pinch-chinese-restaurant-dim-sum-dumpling.html
81,https://www.nytimes.com/2006/08/23/dining/reviews/a-turkish-chef-playing-hideandseek.html
82,https://www.nytimes.com/2005/12/07/dining/reviews/looking-for-a-nod-by-winking-at-italy.html
83,https://www.nytimes.com/2009/08/05/dining/reviews/05rest.html
84,https://www.nytimes.com/2000/06/07/dining/restaurants-the-food-speaks-for-itself-and-says-it-all.html
85,https://www.nytimes.com/2011/05/04/dining/reviews/04rest.html
86,https://www.nytimes.com/2000/08/23/dining/restaurants-behind-plain-decor-a-bold-kitchen.html
87,https://www.nytimes.com/2017/01/24/dining/fowler-and-wells-restaurant-review-beekman-hotel.html
88,https://www.nytimes.com/2011/06/01/dining/reviews/tenpenny-in-midtown-nyc-restaurant-review.html
89,https://www.nytimes.com/2010/06/23/dining/reviews/23rest.html
90,https://www.nytimes.com/2016/01/13/dining/pete-wells-per-se-review.html
91,https://www.nytimes.com/2007/01/03/dining/reviews/03rest.html
92,https://www.nytimes.com/1998/12/09/dining/restaurants-daniel-boulud-in-a-laid-back-mood.html
93,https://www.nytimes.com/2004/02/11/dining/restaurants-rocco-s-not-the-spaghetti-place.html
94,https://www.nytimes.com/2006/11/01/dining/reviews/tapas-its-not-about-commitment.html
95,https://www.nytimes.com/2019/03/12/dining/cka-ka-qellu-review.html
96,https://www.nytimes.com/2006/03/01/dining/reviews/new-rituals-in-the-adoration-of-italy.html
97,https://www.nytimes.com/2004/02/04/dining/restaurants-he-s-back-kumquats-cornflakes-and-all.html
98,https://www.nytimes.com/1999/07/21/dining/restaurants-latin-accents-in-a-room-with-an-edge.html
99,https://www.nytimes.com/2002/06/19/dining/restaurants-a-new-york-quest-for-barbecue-bliss.html
100,https://www.nytimes.com/2004/12/29/dining/reviews/sushi-at-masa-is-a-zen-thing.html
101,https://www.nytimes.com/2016/04/06/dining/le-turtle-restaurant-review.html
102,https://www.nytimes.com/2003/05/07/dining/restaurants-put-on-the-togas-and-pile-on-the-tapas.html
103,https://www.nytimes.com/2011/11/30/dining/reviews/fatty-cue-nyc-restaurant-review.html
104,https://www.nytimes.com/2010/03/31/dining/reviews/31rest.html
105,https://www.nytimes.com/2012/06/13/dining/reviews/hakkasan-new-york-in-midtown.html
106,https://www.nytimes.com/2011/02/16/dining/reviews/16rest.html
107,https://www.nytimes.com/2006/08/30/dining/reviews/comfort-between-regal-and-rustic.html
108,https://www.nytimes.com/2008/07/16/dining/reviews/16rest.html
109,https://www.nytimes.com/2006/05/17/dining/reviews/with-cactus-as-a-counterpoint.html
110,https://www.nytimes.com/2010/12/15/dining/reviews/15rest.html
111,https://www.nytimes.com/2004/01/07/dining/restaurants-piaf-would-recognize-this-place-almost.html
112,https://www.nytimes.com/2004/02/25/dining/restaurants-a-lavish-ice-palace-high-above-the-din.html
113,https://www.nytimes.com/2007/11/14/dining/reviews/14rest.html
114,https://www.nytimes.com/1999/01/20/dining/restaurants-magical-place-reborn-as-gulf-rim-bistro.html
115,https://www.nytimes.com/2010/11/17/dining/reviews/17restaurant.html
116,https://www.nytimes.com/2006/07/26/dining/reviews/26rest.html
117,https://www.nytimes.com/2011/03/02/dining/reviews/02rest.html
118,https://www.nytimes.com/2000/09/13/dining/restaurants-journey-to-the-planet-brasserie.html
119,https://www.nytimes.com/2004/11/10/dining/italy-and-all-things-mediterranean.html
120,https://www.nytimes.com/2000/02/23/dining/restaurants-a-set-designer-s-dream-of-a-bistro.html
121,https://www.nytimes.com/2015/11/11/dining/jams-jonathan-waxman-review.html
122,https://www.nytimes.com/2018/05/15/dining/simon-and-the-whale-restaurant-review-flatiron.html
123,https://www.nytimes.com/2007/06/27/dining/reviews/27rest.html
124,https://www.nytimes.com/2001/02/14/dining/restaurants-beautiful-people-and-a-menu-that-glows.html
125,https://www.nytimes.com/2017/04/04/dining/babbo-review-pete-wells.html
126,https://www.nytimes.com/2017/06/27/dining/empellon-review-mexican-midtown.html
127,https://www.nytimes.com/2003/07/23/dining/restaurants-haute-meets-bistro-with-bobby-short-nearby.html
128,https://www.nytimes.com/2008/09/10/dining/reviews/10brief-001.html
129,https://www.nytimes.com/2009/03/25/dining/reviews/25rest.html
130,https://www.nytimes.com/2002/10/02/dining/restaurants-baseball-shrine-with-a-hudson-river-view.html
131,https://www.nytimes.com/2017/08/15/dining/made-nice-restaurant-review.html
132,https://www.nytimes.com/2010/04/14/dining/reviews/14rest.html
133,https://www.nytimes.com/2001/08/08/dining/restaurants-fusion-cuisine-from-just-married-chefs.html
134,https://www.nytimes.com/1998/11/25/dining/restaurants-in-tribeca-more-french-than-ever.html
135,https://www.nytimes.com/2019/03/11/dining/el-jardin-restaurant-review.html
136,https://www.nytimes.com/2006/11/29/dining/reviews/where-playing-with-fire-is-not-taboo.html
137,https://www.nytimes.com/2008/03/26/dining/reviews/26rest.html
138,https://www.nytimes.com/2016/11/16/dining/tsurutontan-udon-noodle-brasserie-restaurant-review.html
139,https://www.nytimes.com/2011/10/26/dining/reviews/salinas-nyc-restaurant-review.html
140,https://www.nytimes.com/2007/11/07/dining/reviews/07rest.html
141,https://www.nytimes.com/2019/02/12/dining/cherry-point-review.html
142,https://www.nytimes.com/2005/11/30/dining/reviews/having-your-ethics-and-eating-them-too.html
143,https://www.nytimes.com/2005/08/24/dining/reviews/italian-almost-home-cooked.html
144,https://www.nytimes.com/2002/05/22/dining/restaurants-from-a-careful-populist-a-surprise-meant-for-a-few.html
145,https://www.nytimes.com/2002/03/13/dining/restaurants-ambience-a-lounge-and-oh-yes-food.html
146,https://www.nytimes.com/2002/02/20/dining/restaurants-bistro-party-and-favorite-haunt-of-the-proprietor.html
147,https://www.nytimes.com/2001/07/25/dining/restaurants-just-swashbuckle-in-and-brandish-a-fork.html
148,https://www.nytimes.com/2001/06/27/dining/restaurants-with-such-scallops-who-needs-free-will.html
149,https://www.nytimes.com/2002/05/15/dining/restaurants-asian-touches-orchestrated-in-jazzy-riffs.html
150,https://www.nytimes.com/2017/10/31/dining/momofuku-ssam-bar-review.html
151,https://www.nytimes.com/2000/10/11/dining/restaurants-french-old-timer-sheds-years.html
152,https://www.nytimes.com/2008/11/26/dining/reviews/26rest.html
153,https://www.nytimes.com/2002/11/06/dining/restaurants-a-different-throne-but-still-king-of-the-sea.html
154,https://www.nytimes.com/2018/07/10/dining/frenchette-review-restaurant-tribeca.html
155,https://www.nytimes.com/2005/11/23/dining/reviews/cinderella-and-her-popular-stepsister.html
156,https://www.nytimes.com/2007/01/17/dining/reviews/17rest.html
157,https://www.nytimes.com/2011/09/14/dining/reviews/hospoda-nyc-restaurant-review.html
158,https://www.nytimes.com/2006/08/23/dining/reviews/23rest.html
159,https://www.nytimes.com/2006/07/05/dining/reviews/05rest.html
160,https://www.nytimes.com/1999/06/16/dining/restaurants-from-alpine-italy-a-selected-short-subject.html
161,https://www.nytimes.com/2019/05/07/dining/the-freakin-rican-restaurant-review.html
162,https://www.nytimes.com/2004/01/28/dining/restaurants-tapas-for-really-close-friends.html
163,https://www.nytimes.com/2016/09/28/dining/sauvage-restaurant-review.html
164,https://www.nytimes.com/2002/04/10/dining/restaurants-where-the-end-of-the-meal-is-the-beginning.html
165,https://www.nytimes.com/2003/07/02/dining/restaurants-wine-for-appetizer-entree-and-dessert.html
166,https://www.nytimes.com/2010/09/22/dining/reviews/22rest.html
167,https://www.nytimes.com/2018/02/06/dining/grant-achatz-office-aviary-review.html
168,https://www.nytimes.com/2018/01/09/dining/ferris-review-chelsea.html
169,https://www.nytimes.com/2005/10/05/dining/reviews/baby-steps-on-a-road-of-good-intentions.html
170,https://www.nytimes.com/2008/08/06/dining/reviews/06rest.html
171,https://www.nytimes.com/2012/05/30/dining/reviews/restaurant-review-back-forty-and-back-forty-west.html
172,https://www.nytimes.com/2016/12/06/dining/aska-review-brooklyn.html
173,https://www.nytimes.com/2001/10/10/dining/restaurants-veracruz-fusion-finds-its-way-north.html
174,https://www.nytimes.com/2000/02/09/dining/restaurants-bouley-in-his-klimt-period.html
175,https://www.nytimes.com/2008/05/14/dining/reviews/14rest.html
176,https://www.nytimes.com/2018/01/30/dining/the-lobster-club-review.html
177,https://www.nytimes.com/2007/12/12/dining/reviews/12rest.html
178,https://www.nytimes.com/2016/11/09/dining/paowalla-review.html
179,https://www.nytimes.com/2009/12/23/dining/reviews/23rest.html
180,https://www.nytimes.com/2007/09/26/dining/reviews/26rest.html
181,https://www.nytimes.com/2018/09/11/dining/sofreh-review.html
182,https://www.nytimes.com/2007/03/07/dining/reviews/07rest.html
183,https://www.nytimes.com/2005/10/19/dining/reviews/recapturing-that-tour-of-italy.html
184,https://www.nytimes.com/2000/12/27/dining/restaurants-the-way-we-ate-somewhat-souped-up.html
185,https://www.nytimes.com/2004/06/23/dining/restaurants-for-a-classic-another-shade-of-elegance.html
186,https://www.nytimes.com/2019/04/23/dining/wayan-restaurant-review.html
187,https://www.nytimes.com/2018/12/11/dining/best-restaurant-dishes-in-nyc-pete-wells.html
188,https://www.nytimes.com/2006/03/15/dining/reviews/calling-all-carnivores-pjs-redux.html
189,https://www.nytimes.com/2003/12/24/dining/restaurants-italy-north-to-south-before-the-curtain.html
190,https://www.nytimes.com/2001/04/18/dining/restaurants-zinc-bar-says-zing-food-says-comfort.html
191,https://www.nytimes.com/2016/11/22/dining/fish-cheeks-review-restaurant-noho.html
192,https://www.nytimes.com/2008/04/23/dining/23rest.html
193,https://www.nytimes.com/2018/06/26/dining/the-islands-review.html
194,https://www.nytimes.com/2004/05/26/dining/restaurants-a-soho-brasserie-now-authentically-worn.html
195,https://www.nytimes.com/2010/11/24/dining/reviews/24rest.html
196,https://www.nytimes.com/2012/04/25/dining/reviews/empellon-cocina-in-the-east-village.html
197,https://www.nytimes.com/2000/03/15/dining/restaurants-out-of-the-ashes-new-look-old-spirit.html
198,https://www.nytimes.com/2006/12/13/dining/reviews/the-benefits-of-being-french-and-familiar.html
199,https://www.nytimes.com/2017/07/03/dining/abcv-review-vegetables-restaurant-jean-georges-vongerichten.html
200,https://www.nytimes.com/2014/10/29/dining/restaurant-review-blue-hill-in-greenwich-village.html
201,https://www.nytimes.com/2012/02/15/dining/reviews/il-buco-alimentari-e-vineria-nyc-restaurant-review.html
202,https://www.nytimes.com/1999/06/23/dining/restaurants-a-techno-bistro-with-sass-and-style.html
203,https://www.nytimes.com/2009/07/22/dining/reviews/22rest.html
204,https://www.nytimes.com/2000/07/12/dining/restaurants-vitello-tonnato-with-plenty-of-sinatra.html
205,https://www.nytimes.com/2010/08/04/dining/reviews/04rest.html
206,https://www.nytimes.com/2005/06/08/dining/reviews/chinese-gets-dressed-up-for-a-change.html
207,https://www.nytimes.com/2000/11/15/dining/restaurants-on-the-bowery-an-italian-of-few-words.html
208,https://www.nytimes.com/1999/11/03/dining/restaurants-korea-refracted-through-a-soho-lens.html
209,https://www.nytimes.com/2013/09/02/dining/butterscotch-pudding-creamy-light-and-nutty.html
210,https://www.nytimes.com/2006/10/11/dining/reviews/beneath-a-tent-mott-street-mediterranean.html
211,https://www.nytimes.com/2003/02/12/dining/restaurants-good-ship-oceana-adjusts-the-compass.html
212,https://www.nytimes.com/2017/10/03/dining/oberlin-restaurant-review-providence.html
213,https://www.nytimes.com/2013/07/31/dining/that-photogenic-blueberry-pie.html
214,https://www.nytimes.com/2011/12/28/dining/reviews/mas-la-grillade-nyc-restaurant-review.html
215,https://www.nytimes.com/2007/03/14/dining/reviews/14rest.html
216,https://www.nytimes.com/2007/02/28/dining/reviews/28rest.html
217,https://www.nytimes.com/2015/05/13/dining/restaurant-review-fung-tu-on-the-lower-east-side.html
218,https://www.nytimes.com/2002/08/14/dining/restaurants-the-exotic-side-of-seafood-in-tribeca.html
219,https://www.nytimes.com/2001/04/04/dining/restaurants-a-breeze-from-india-blows-away-the-cliches.html
220,https://www.nytimes.com/2018/07/03/dining/restaurant-nippon-review.html
221,https://www.nytimes.com/2001/01/10/dining/restaurants-a-broadway-theme-higher-regards-too.html
222,https://www.nytimes.com/1999/09/08/dining/restaurants-coming-to-new-york-bringing-the-country.html
223,https://www.nytimes.com/2015/03/11/dining/restaurant-review-bowery-meat-company-in-the-east-village.html
224,https://www.nytimes.com/2000/02/02/dining/restaurants-what-s-that-glow-on-east-50th.html
225,https://www.nytimes.com/2002/11/13/dining/restaurants-from-italy-with-respect-for-tradition.html
226,https://www.nytimes.com/2006/04/26/dining/reviews/26rest.html
227,https://www.nytimes.com/2006/05/03/dining/reviews/03rest.html
228,https://www.nytimes.com/2000/01/19/dining/restaurants-vigorous-fare-in-an-underground-lair.html
229,https://www.nytimes.com/2010/06/30/dining/reviews/30rest.html
230,https://www.nytimes.com/2016/01/06/dining/sadelles-review.html
231,https://www.nytimes.com/2002/08/21/dining/restaurants-worldly-style-paints-the-town-house-red.html
232,https://www.nytimes.com/2018/08/14/dining/le-sia-review.html
233,https://www.nytimes.com/2017/04/11/dining/torishin-review-japanese-yakitori.html
234,https://www.nytimes.com/2002/01/30/dining/restaurants-japan-in-the-village-ready-to-surprise.html
235,https://www.nytimes.com/2008/06/25/dining/reviews/25rest.html
236,https://www.nytimes.com/2008/09/03/dining/reviews/03rest.html
237,https://www.nytimes.com/1999/10/20/dining/restaurants-a-face-lift-for-a-polished-performer.html
238,https://www.nytimes.com/2007/08/22/dining/reviews/22rest.html
239,https://www.nytimes.com/2005/02/02/dining/in-air-so-rarefied-only-ambrosia-will-do.html
240,https://www.nytimes.com/2008/10/08/dining/reviews/08rest.html
241,https://www.nytimes.com/2008/12/10/dining/reviews/10rest.html
242,https://www.nytimes.com/2007/04/04/dining/reviews/04rest.html
243,https://www.nytimes.com/2008/04/30/dining/reviews/30rest.html
244,https://www.nytimes.com/2003/11/26/dining/restaurants-a-tiny-box-sparkling-with-seafood.html
245,https://www.nytimes.com/2001/09/19/dining/restaurants-an-alliance-of-sun-dappled-cuisines.html
246,https://www.nytimes.com/2002/10/09/dining/restaurants-two-chefs-free-to-cook-as-they-please.html
247,https://www.nytimes.com/2000/06/21/dining/restaurants-curiouser-and-curiouser-chapter-2.html
248,https://www.nytimes.com/2017/01/17/dining/ichiran-review-ramen-brooklyn.html
249,https://www.nytimes.com/2009/11/11/dining/reviews/11rest.html
250,https://www.nytimes.com/2008/06/11/dining/reviews/11rest.html
251,https://www.nytimes.com/2019/05/14/dining/del-posto-review-pete-wells.html
252,https://www.nytimes.com/2018/02/13/dining/hwa-yuan-szechuan-review-chinese-food.html
253,https://www.nytimes.com/2006/10/25/dining/reviews/25rest.html
254,https://www.nytimes.com/2006/05/31/dining/reviews/31rest.html
255,https://www.nytimes.com/2002/07/24/dining/restaurants-a-homey-greeting-with-a-pedigreed-menu.html
256,https://www.nytimes.com/2001/10/17/dining/restaurants-an-image-makeover-from-prices-to-kitchen.html
257,https://www.nytimes.com/2015/04/29/dining/restaurant-review-mintons-in-harlem.html
258,https://www.nytimes.com/2011/08/24/dining/reviews/robertas-nyc-restaurant-review.html
259,https://www.nytimes.com/2001/08/15/dining/restaurants-at-a-hip-new-hotel-food-to-write-home-about.html
260,https://www.nytimes.com/2017/02/14/dining/chinese-tuxedo-restaurant-review.html
261,https://www.nytimes.com/2016/09/21/dining/gunter-seeger-ny-review.html
262,https://www.nytimes.com/2000/06/14/dining/restaurants-for-deserted-wall-street-nights-an-oasis.html
263,https://www.nytimes.com/2008/11/19/dining/reviews/19rest.html
264,https://www.nytimes.com/2006/09/06/dining/reviews/an-asian-fantasy-reproduced.html
265,https://www.nytimes.com/2010/05/05/dining/reviews/05rest.html
266,https://www.nytimes.com/2008/10/01/dining/reviews/01rest.html
267,https://www.nytimes.com/2007/04/11/dining/reviews/11rest.html
268,https://www.nytimes.com/2019/03/05/dining/madame-vo-bbq-review.html
269,https://www.nytimes.com/2006/12/06/dining/arts/restaurants-stepping-up-from-their-starter-homes.html
270,https://www.nytimes.com/2005/09/07/dining/reviews/showmanship-yields-to-elegance.html
271,https://www.nytimes.com/2005/06/29/dining/reviews/a-place-in-the-mood-for-anything.html
272,https://www.nytimes.com/2015/04/15/dining/restaurant-review-meat-hook-sandwich-in-williamsburg-brooklyn.html
273,https://www.nytimes.com/2005/01/26/dining/so-many-dishes-a-little-help-please.html
274,https://www.nytimes.com/2003/11/12/dining/restaurants-spanning-the-globe-with-fire-and-spice.html
275,https://www.nytimes.com/2004/08/25/dining/restaurants-downtown-a-trailblazer-matures.html
276,https://www.nytimes.com/2008/06/18/dining/reviews/18rest.html
277,https://www.nytimes.com/2007/05/09/dining/reviews/09rest.html
278,https://www.nytimes.com/2007/08/15/dining/reviews/15rest.html
279,https://www.nytimes.com/2015/06/17/dining/restaurant-review-blanca-in-bushwick-brooklyn.html
280,https://www.nytimes.com/2012/08/15/dining/reviews/biang-nyc-restaurant-review.html
281,https://www.nytimes.com/2010/03/24/dining/reviews/24rest.html
282,https://www.nytimes.com/2015/05/27/dining/restaurant-review-aquavit-in-midtown.html
283,https://www.nytimes.com/2006/01/25/dining/reviews/25rest.html
284,https://www.nytimes.com/2006/08/30/dining/reviews/30rest.html
285,https://www.nytimes.com/2006/07/12/dining/reviews/steaks-with-lots-of-asides.html
286,https://www.nytimes.com/2011/03/23/dining/reviews/23rest.html
287,https://www.nytimes.com/2011/05/18/dining/reviews/gotham-bar-and-grill-nyc-restaurant-review.html
288,https://www.nytimes.com/2014/09/24/dining/restaurant-review-sammys-roumanian-steakhouse-on-the-lower-east-side.html
289,https://www.nytimes.com/1999/04/28/dining/restaurants-the-name-but-not-the-decor-is-familiar.html
290,https://www.nytimes.com/2017/05/16/dining/pig-bleecker-review-greenwich-village.html
291,https://www.nytimes.com/2005/07/20/dining/reviews/nourishing-egos-on-the-upper-east-side.html
292,https://www.nytimes.com/2000/01/05/dining/restaurants-small-and-family-run-yes-homespun-no.html
293,https://www.nytimes.com/1998/09/30/dining/restaurants-michael-jordan-grand-central-s-new-player.html
294,https://www.nytimes.com/2012/11/07/dining/reviews/restaurant-review-after-hurricane-sandy-downtown-restaurants-need-patrons.html
295,https://www.nytimes.com/2017/01/03/dining/locol-review-oakland-california-pete-wells.html
296,https://www.nytimes.com/2017/08/22/dining/the-grill-review-midtown.html
297,https://www.nytimes.com/2017/08/01/dining/guan-fu-sichuan-review.html
298,https://www.nytimes.com/2006/03/29/dining/reviews/looks-can-be-deceiving.html
299,https://www.nytimes.com/1999/03/17/dining/restaurants-japan-is-an-island-in-midtown.html
300,https://www.nytimes.com/2008/02/27/dining/reviews/27rest.html
301,https://www.nytimes.com/2009/04/22/dining/reviews/22rest.html
302,https://www.nytimes.com/2005/03/30/dining/reviews/where-to-take-thoreau-and-dr-atkins.html
303,https://www.nytimes.com/2000/08/02/dining/restaurants-where-to-take-your-gambling-spirit.html
304,https://www.nytimes.com/2011/02/23/dining/reviews/23rest.html
305,https://www.nytimes.com/2003/03/26/dining/restaurants-inventing-america-all-over-again.html
306,https://www.nytimes.com/2018/07/31/dining/coco-pazzo-trattoria-yves-review.html
307,https://www.nytimes.com/2010/07/07/dining/reviews/07rest.html
308,https://www.nytimes.com/2011/12/21/dining/a-trattoria-competes-with-its-past-restaurant-review.html
309,https://www.nytimes.com/2011/09/21/dining/reviews/st-anselm-nyc-restaurant-review.html
310,https://www.nytimes.com/2003/06/18/dining/restaurants-chef-s-second-course-is-food-for-thought.html
311,https://www.nytimes.com/2005/01/19/dining/as-stomachs-wait-ears-are-sated.html
312,https://www.nytimes.com/2003/02/26/dining/restaurants-a-pizzeria-where-you-can-skip-the-pizza.html
313,https://www.nytimes.com/2015/02/04/dining/restaurant-review-cosme-in-the-flatiron-district.html
314,https://www.nytimes.com/1999/08/11/dining/restaurants-a-jewel-box-in-a-town-house.html
315,https://www.nytimes.com/2002/03/20/dining/restaurants-more-up-to-the-minute-than-ever.html
316,https://www.nytimes.com/2008/12/17/dining/reviews/17rest.html
317,https://www.nytimes.com/2003/09/10/dining/restaurants-it-s-mexico-in-chelsea-cue-the-iguanas.html
318,https://www.nytimes.com/2018/02/27/dining/latelier-de-joel-robuchon-review.html
319,https://www.nytimes.com/2007/07/25/dining/reviews/25rest.html
320,https://www.nytimes.com/2009/11/04/dining/reviews/04rest.html
321,https://www.nytimes.com/2004/10/20/dining/reviews/where-old-ghosts-fight-for-a-table.html
322,https://www.nytimes.com/2006/12/27/dining/reviews/tough-love-at-the-sushi-bar.html
323,https://www.nytimes.com/2007/12/05/dining/reviews/05rest.html
324,https://www.nytimes.com/2001/03/14/dining/restaurants-in-new-york-promise-fulfilled.html
325,https://www.nytimes.com/2006/03/01/dining/reviews/01rest.html
326,https://www.nytimes.com/2015/10/28/dining/o-ya-review.html
327,https://www.nytimes.com/2009/08/12/dining/reviews/12rest.html
328,https://www.nytimes.com/2006/11/15/dining/reviews/15rest.html
329,https://www.nytimes.com/2011/07/06/dining/reviews/the-dutch-nyc-restaurant-review.html
330,https://www.nytimes.com/2006/06/14/dining/reviews/14rest.html
331,https://www.nytimes.com/2004/12/15/dining/reviews/prime-location-obstructed-view.html
332,https://www.nytimes.com/2015/12/16/dining/best-restaurants-in-nyc.html
333,https://www.nytimes.com/2001/06/13/dining/restaurants-postmodern-and-post-belgian.html
334,https://www.nytimes.com/2009/03/18/dining/reviews/18rest.html
335,https://www.nytimes.com/2015/02/18/dining/restaurant-review-shuko-in-the-east-village.html
336,https://www.nytimes.com/2015/02/11/dining/restaurant-review-kao-soy-in-red-hook-brooklyn.html
337,https://www.nytimes.com/2010/09/01/dining/reviews/01rest.html
338,https://www.nytimes.com/2006/12/27/dining/reviews/27rest.html
339,https://www.nytimes.com/1998/10/28/dining/restaurants-in-a-more-relaxed-easygoing-mood.html
340,https://www.nytimes.com/2005/07/06/dining/reviews/at-the-intersection-of-france-and-morocco.html
341,https://www.nytimes.com/2012/02/08/dining/reviews/kutshers-tribeca-nyc-restaurant-review.html
342,https://www.nytimes.com/2001/07/11/dining/restaurants-rustic-italian-breathlessly-translated.html
343,https://www.nytimes.com/2002/01/23/dining/restaurants-doorway-to-tuscany-by-way-of-the-circus.html
344,https://www.nytimes.com/2015/02/25/dining/restaurant-review-semilla-in-williamsburg-brooklyn.html
345,https://www.nytimes.com/2005/12/14/dining/reviews/where-the-lore-is-part-of-the-lure.html
346,https://www.nytimes.com/2004/07/14/dining/restaurants-elaborate-dishes-assembly-required.html
347,https://www.nytimes.com/2008/11/12/dining/reviews/12rest.html
348,https://www.nytimes.com/2007/04/25/dining/reviews/25rest.html
349,https://www.nytimes.com/2004/01/21/dining/restaurants-from-store-to-table-without-going-outside.html
350,https://www.nytimes.com/2007/07/18/dining/reviews/18rest.html
351,https://www.nytimes.com/2006/11/22/dining/reviews/two-steakhouses-two-visions.html
352,https://www.nytimes.com/2012/03/07/dining/reviews/redfarm-in-the-west-village-turns-up-the-flavors.html
353,https://www.nytimes.com/2011/02/02/dining/reviews/02rest.html
354,https://www.nytimes.com/2006/04/19/dining/reviews/the-steady-center-of-an-expanding-universe.html
355,https://www.nytimes.com/2006/11/22/dining/reviews/22rest.html
356,https://www.nytimes.com/2004/11/24/dining/reviews/a-paean-to-tofu-in-a-japanese-pub.html
357,https://www.nytimes.com/2003/04/30/dining/restaurants-at-an-italian-crossroad-an-identity-check.html
358,https://www.nytimes.com/2002/07/03/dining/restaurants-a-reincarnation-on-the-upper-west-side.html
359,https://www.nytimes.com/2001/12/05/dining/restaurants-for-uptown-palates-a-would-be-diner.html
360,https://www.nytimes.com/2007/06/06/dining/reviews/06rest.html
361,https://www.nytimes.com/2019/04/16/dining/niche-review-mazemen.html
362,https://www.nytimes.com/2006/09/27/dining/reviews/to-be-seen-and-perhaps-to-eat.html
363,https://www.nytimes.com/2015/11/04/dining/chomp-chomp-review.html
364,https://www.nytimes.com/1999/08/25/dining/restaurants-voila-a-bistro-suddenly-finds-its-footing.html
365,https://www.nytimes.com/2010/12/08/dining/reviews/08rest.html
366,https://www.nytimes.com/2010/11/03/dining/reviews/03rest.html
367,https://www.nytimes.com/2000/05/17/dining/restaurants-fish-with-flourishes-and-a-rink-side-seat.html
368,https://www.nytimes.com/2012/02/01/dining/crown-nyc-restaurant-review.html
369,https://www.nytimes.com/2005/05/18/dining/reviews/almost-as-durable-as-greece-itself.html
370,https://www.nytimes.com/2016/03/23/dining/lowlife-restaurant-review.html
371,https://www.nytimes.com/2003/09/24/dining/restaurants-reviving-a-classic-without-reinventing-it.html
372,https://www.nytimes.com/2004/01/14/dining/restaurants-straightforward-fare-and-license-to-linger.html
373,https://www.nytimes.com/2009/12/09/dining/reviews/09rest.html
374,https://www.nytimes.com/2002/06/05/dining/restaurants-herbs-at-center-stage-weaving-a-magic-spell.html
375,https://www.nytimes.com/2010/10/13/dining/13rest.html
376,https://www.nytimes.com/2008/02/20/dining/reviews/20rest.html
377,https://www.nytimes.com/2005/04/06/dining/reviews/no-pretense-well-hardly-any.html
378,https://www.nytimes.com/2001/01/24/dining/restaurants-where-food-and-talk-coexist.html
379,https://www.nytimes.com/2009/10/14/dining/reviews/14rest.html
380,https://www.nytimes.com/2000/12/13/dining/restaurants-on-a-side-street-with-a-dash-of-breton-salt.html
381,https://www.nytimes.com/2007/11/28/dining/reviews/28rest.html
382,https://www.nytimes.com/1999/08/18/dining/restaurants-where-sousa-would-sing-for-his-supper.html
383,https://www.nytimes.com/2006/05/10/dining/reviews/popular-act-now-solo-sings-italian.html
384,https://www.nytimes.com/2008/01/16/dining/reviews/16rest.html
385,https://www.nytimes.com/2003/12/03/dining/restaurants-the-food-of-india-from-top-to-bottom.html
386,https://www.nytimes.com/2000/09/27/dining/restaurants-a-metamorphosis-on-the-upper-east-side.html
387,https://www.nytimes.com/2019/01/29/dining/casa-enrique-review.html
388,https://www.nytimes.com/2006/10/11/dining/reviews/11rest.html
389,https://www.nytimes.com/2003/10/01/dining/restaurants-vietnamese-food-is-just-part-of-the-point.html
390,https://www.nytimes.com/2007/05/30/dining/reviews/30rest.html
391,https://www.nytimes.com/2006/09/20/dining/reviews/20rest.html
392,https://www.nytimes.com/2005/03/23/dining/reviews/italian-classics-and-wine-to-spare.html
393,https://www.nytimes.com/2018/10/16/dining/atomix-review-korean.html
394,https://www.nytimes.com/2006/11/01/dining/reviews/01rest.html
395,https://www.nytimes.com/2001/06/20/dining/restaurants-a-seasoned-team-and-tuscany.html
396,https://www.nytimes.com/2004/08/11/dining/restaurants-thai-as-theater-restaurant-as-stage.html
397,https://www.nytimes.com/2016/04/27/dining/chaiwali-review-indian-food-harlem.html
398,https://www.nytimes.com/2006/05/10/dining/reviews/10rest.html
399,https://www.nytimes.com/2003/07/30/dining/restaurants-southern-classics-dressed-for-the-big-city.html
400,https://www.nytimes.com/2006/07/26/dining/reviews/a-little-love-and-a-big-pork-chop.html
401,https://www.nytimes.com/2000/07/26/dining/restaurants-taking-fusion-cuisine-into-new-territory.html
402,https://www.nytimes.com/2007/02/07/dining/reviews/07rest.html
403,https://www.nytimes.com/2007/01/31/dining/reviews/31rest.html
404,https://www.nytimes.com/2004/03/03/dining/restaurants-solid-and-cozy-short-on-ostentation.html
405,https://www.nytimes.com/2003/02/05/dining/restaurants-a-new-face-in-the-trattoria-crowd.html
406,https://www.nytimes.com/1999/10/13/dining/restaurants-in-tribeca-simplicity-and-soft-edges.html
407,https://www.nytimes.com/2009/06/10/dining/reviews/10rest.html
408,https://www.nytimes.com/1999/09/29/dining/restaurants-from-northern-italy-without-the-frills.html
409,https://www.nytimes.com/2005/01/12/dining/fish-thats-raw-but-never-undressed.html
410,https://www.nytimes.com/2017/01/31/dining/chumleys-review-bar-west-village.html
411,https://www.nytimes.com/2018/11/13/dining/misi-restaurant-review.html
412,https://www.nytimes.com/2012/09/05/dining/reviews/nougatine-at-jean-georges-in-manhattan.html
413,https://www.nytimes.com/2002/01/09/dining/restaurants-all-hard-edges-but-with-a-soft-center.html
414,https://www.nytimes.com/2019/02/26/dining/oxalis-restaurant-review.html
415,https://www.nytimes.com/1999/04/21/dining/restaurants-rustic-touch-of-tuscany-in-the-east-village.html
416,https://www.nytimes.com/2006/05/24/dining/reviews/24rest.html
417,https://www.nytimes.com/2016/11/29/dining/bad-saint-dc-review.html
418,https://www.nytimes.com/2010/03/17/dining/reviews/17rest.html
419,https://www.nytimes.com/2001/01/03/dining/restaurants-it-s-chinese-baby-but-not-so-squaresville.html
420,https://www.nytimes.com/2009/07/08/dining/reviews/08rest.html
421,https://www.nytimes.com/2003/06/04/dining/restaurants-new-tapas-menu-sets-off-the-fireworks.html
422,https://www.nytimes.com/2006/10/04/dining/reviews/04rest.html
423,https://www.nytimes.com/2016/06/15/dining/le-coq-rico-review.html
424,https://www.nytimes.com/2009/10/21/dining/reviews/21rest.html
425,https://www.nytimes.com/2000/11/22/dining/restaurants-favoring-a-small-and-understated-setting.html
426,https://www.nytimes.com/2003/10/29/dining/restaurants-a-new-globalism-starting-in-morocco.html
427,https://www.nytimes.com/2012/07/04/dining/reviews/hill-country-barbecue-market-nyc-restaurant-review.html
428,https://www.nytimes.com/2009/10/28/dining/reviews/28rest.html
429,https://www.nytimes.com/1999/05/19/dining/restaurants-coach-house-attempting-a-sequel.html
430,https://www.nytimes.com/2006/03/22/dining/reviews/big-fish-in-a-big-pond.html
431,https://www.nytimes.com/2006/06/21/dining/reviews/21rest.html
432,https://www.nytimes.com/2016/03/02/dining/bouley-restaurant-review.html
433,https://www.nytimes.com/2011/03/30/dining/reviews/30rest.html
434,https://www.nytimes.com/2004/06/02/dining/restaurants-mystery-allure-and-sushi.html
435,https://www.nytimes.com/2010/06/09/dining/reviews/09rest.html
436,https://www.nytimes.com/2008/08/13/dining/reviews/13rest.html
437,https://www.nytimes.com/2017/03/14/dining/franklin-barbecue-review.html
438,https://www.nytimes.com/2011/10/05/dining/reviews/tertulia-nyc-restaurant-review.html
439,https://www.nytimes.com/2009/09/23/dining/reviews/23rest.html
440,https://www.nytimes.com/2003/04/09/dining/restaurants-a-chinese-palace-just-west-of-chinatown.html
441,https://www.nytimes.com/2000/03/01/dining/restaurants-a-sushi-showcase-with-a-cool-demeanor.html
442,https://www.nytimes.com/2000/05/31/dining/restaurants-mingling-is-the-main-dish.html
443,https://www.nytimes.com/2001/01/17/dining/restaurants-long-on-subtlety-short-on-heat.html
444,https://www.nytimes.com/2000/01/12/dining/restaurants-an-upstart-from-down-under.html
445,https://www.nytimes.com/1999/09/15/dining/restaurants-bouley-returns-deft-and-daring.html
446,https://www.nytimes.com/2005/02/09/dining/a-japanese-feast-for-all-the-senses.html
447,https://www.nytimes.com/2016/06/22/dining/grunauer-bistro-review.html
448,https://www.nytimes.com/2017/12/26/dining/the-loyal-review-nyc.html
449,https://www.nytimes.com/2018/02/20/dining/tetsu-review-tribeca-masayoshi-takayama.html
450,https://www.nytimes.com/2011/01/05/dining/reviews/05rest.html
451,https://www.nytimes.com/2007/08/29/dining/reviews/29rest.html
452,https://www.nytimes.com/2006/01/11/dining/reviews/go-ahead-brooklyn-be-smug.html
453,https://www.nytimes.com/2005/09/14/dining/reviews/upstairs-downtown-idiosyncratically.html
454,https://www.nytimes.com/2017/09/12/dining/razza-pizza-review-jersey-city.html
455,https://www.nytimes.com/2008/12/24/dining/reviews/24rest.html
456,https://www.nytimes.com/2015/03/04/dining/restaurant-review-via-carota-in-the-west-village.html
457,https://www.nytimes.com/2002/12/11/dining/restaurants-firing-up-a-love-affair-with-mexico.html
458,https://www.nytimes.com/2009/09/30/dining/reviews/30rest.html
459,https://www.nytimes.com/2003/05/14/dining/restaurants-a-culinary-adventure-in-a-modest-setting.html
460,https://www.nytimes.com/2016/02/24/dining/little-pepper-review.html
461,https://www.nytimes.com/1999/02/03/dining/restaurants-robust-american-fare-on-a-glowing-set.html
462,https://www.nytimes.com/2014/12/31/dining/nyc-best-new-restaurants-2014.html
463,https://www.nytimes.com/2016/12/13/dining/best-restaurant-dishes-in-nyc-pete-wells.html
464,https://www.nytimes.com/2012/04/18/dining/reviews/alison-eighteen-in-manhattan.html
465,https://www.nytimes.com/2012/07/25/dining/reviews/mission-chinese-food-nyc-restaurant-review.html
466,https://www.nytimes.com/2005/08/03/dining/reviews/cooking-without-concessions.html
467,https://www.nytimes.com/2015/04/08/dining/restaurant-reviews-limani-and-estiatorio-milos-in-midtown.html
468,https://www.nytimes.com/1999/02/24/dining/restaurants-american-food-indian-spices.html
469,https://www.nytimes.com/2006/06/07/dining/reviews/for-grownups-not-gadabouts.html
470,https://www.nytimes.com/2016/03/09/dining/high-street-on-hudson-review.html
471,https://www.nytimes.com/2000/05/03/dining/restaurants-an-elegant-haven-for-elegant-food.html
472,https://www.nytimes.com/2004/08/18/dining/restaurants-something-comfortable-to-slip-into.html
473,https://www.nytimes.com/2018/08/07/dining/gem-review-flynn-mcgarry.html
474,https://www.nytimes.com/2016/08/03/dining/agern-restaurant-review.html
475,https://www.nytimes.com/2003/09/17/dining/restaurants-the-reality-with-the-reality-show-gone.html
476,https://www.nytimes.com/2011/08/17/dining/reviews/danji-manhattan-restaurant-review.html
477,https://www.nytimes.com/2003/08/13/dining/restaurants-anything-you-want-as-long-as-it-s-meat.html
478,https://www.nytimes.com/2004/12/08/dining/reviews/an-oasis-for-sheiks-on-the-east-side.html
479,https://www.nytimes.com/2012/07/11/dining/reviews/almayass-in-manhattan-restaurant-review.html
480,https://www.nytimes.com/2009/05/06/dining/reviews/06rest.html
481,https://www.nytimes.com/1999/10/27/dining/restaurants-the-neighbor-you-know.html
482,https://www.nytimes.com/2004/06/16/dining/restaurants-a-menu-as-prodigious-as-the-prices.html
483,https://www.nytimes.com/1998/12/30/dining/restaurants-a-feast-of-hong-kong-delicacies.html
484,https://www.nytimes.com/2005/03/16/dining/reviews/only-the-four-stars-remain-constant.html
485,https://www.nytimes.com/1999/07/28/dining/restaurants-brash-and-latin-tailor-made-for-its-spot.html
486,https://www.nytimes.com/2018/12/11/dining/best-restaurant-nyc-pete-wells.html
487,https://www.nytimes.com/2018/06/12/dining/shabushabu-macoron-review.html
488,https://www.nytimes.com/2009/09/02/dining/02nlede.html
489,https://www.nytimes.com/2002/12/18/dining/restaurants-heading-up-broadway-toward-provence.html
490,https://www.nytimes.com/2004/09/22/dining/in-the-meatpacking-district-packed-in.html
491,https://www.nytimes.com/2008/01/23/dining/reviews/23rest.html
492,https://www.nytimes.com/2006/09/13/dining/reviews/a-welcoming-place-to-raise-a-glass.html
493,https://www.nytimes.com/2007/06/13/dining/reviews/13rest.html
494,https://www.nytimes.com/1999/08/04/dining/restaurants-a-berkeley-for-the-prosperous-90-s.html
495,https://www.nytimes.com/2004/03/17/dining/restaurants-a-tribeca-trendsetter-19-years-later.html
496,https://www.nytimes.com/2008/04/16/dining/16rest.html
497,https://www.nytimes.com/2016/02/17/dining/pizza-moto-review.html
498,https://www.nytimes.com/2002/06/26/dining/restaurants-a-birch-forest-and-a-foot-in-two-camps.html
499,https://www.nytimes.com/2005/05/11/dining/reviews/in-midtown-italian-to-share.html
500,https://www.nytimes.com/2000/10/18/dining/restaurants-aged-steak-and-rare-old-strippers.html
501,https://www.nytimes.com/2009/02/25/dining/reviews/25rest.html
502,https://www.nytimes.com/2008/05/28/dining/reviews/28rest.html
503,https://www.nytimes.com/2003/01/08/dining/restaurants-mediterranean-interlude-without-the-views.html
504,https://www.nytimes.com/2005/08/10/dining/reviews/of-wood-floors-and-a-woodfired-oven.html
505,https://www.nytimes.com/2003/11/19/dining/restaurants-friendliness-with-a-splash-of-seawater.html
506,https://www.nytimes.com/2019/05/28/dining/kawi-restaurant-review.html
507,https://www.nytimes.com/2003/08/20/dining/restaurants-what-you-d-expect-at-a-place-called-the-ritz.html
508,https://www.nytimes.com/2016/03/30/dining/lilia-restaurant-review.html
509,https://www.nytimes.com/2007/10/10/dining/reviews/10rest.html
510,https://www.nytimes.com/2001/08/01/dining/restaurants-soul-of-simplicity-in-an-american-bistro.html
511,https://www.nytimes.com/2001/03/07/dining/restaurants-dutch-food-prepared-with-dash-and-sass.html
512,https://www.nytimes.com/2018/12/04/dining/four-seasons-review.html
513,https://www.nytimes.com/2009/03/04/dining/reviews/04rest.html
514,https://www.nytimes.com/2010/06/16/dining/reviews/16rest.html
515,https://www.nytimes.com/2019/04/02/dining/standard-grill-review.html
516,https://www.nytimes.com/2003/11/05/dining/restaurants-tucked-away-in-the-west-village-japan.html
517,https://www.nytimes.com/2006/06/28/dining/reviews/new-mr-chow-same-formula.html
518,https://www.nytimes.com/2010/08/25/dining/reviews/25rest.html
519,https://www.nytimes.com/2007/01/24/dining/reviews/24rest.html
520,https://www.nytimes.com/2004/10/06/dining/reviews/italy-and-iberia-consorting-amiably.html
521,https://www.nytimes.com/2006/08/02/dining/reviews/02rest.html
522,https://www.nytimes.com/2001/03/28/dining/restaurants-a-decor-sighting-is-reported-on-the-upper-west-side.html
523,https://www.nytimes.com/2008/09/10/dining/reviews/10rest.html
524,https://www.nytimes.com/2004/12/22/dining/spice-for-the-alphabet-city-soup.html
525,https://www.nytimes.com/2010/07/28/dining/reviews/28rest.html
526,https://www.nytimes.com/2001/11/14/dining/restaurants-putting-the-nuevo-back-into-nuevo-latino.html
527,https://www.nytimes.com/1997/10/29/dining/restaurants-839531.html
528,https://www.nytimes.com/2012/03/21/dining/reviews/north-end-grill-in-battery-park-city.html
529,https://www.nytimes.com/2004/07/21/dining/restaurants-a-french-soul-wrapped-in-a-picket-fence.html
530,https://www.nytimes.com/2003/10/22/dining/restaurants-coast-to-coast-across-the-atlantic.html
531,https://www.nytimes.com/2001/05/30/dining/restaurants-say-cheese-and-try-not-to-smile.html
532,https://www.nytimes.com/2016/04/20/dining/salvation-burger-spotted-pig-review.html
533,https://www.nytimes.com/2007/10/03/dining/reviews/03rest.html
534,https://www.nytimes.com/2002/05/08/dining/restaurants-italy-without-all-the-distracting-art.html
535,https://www.nytimes.com/2003/04/02/dining/restaurants-one-neighborhood-place-spawns-another.html
536,https://www.nytimes.com/2006/11/08/dining/reviews/08rest.html
537,https://www.nytimes.com/2016/12/20/dining/cut-by-wolfgang-puck-review.html
538,https://www.nytimes.com/1998/09/02/dining/restaurants-serenity-from-vietnam-by-way-of-paris.html
539,https://www.nytimes.com/2009/07/29/dining/reviews/29rest.html
540,https://www.nytimes.com/2016/10/26/dining/beatrice-inn-review.html
541,https://www.nytimes.com/2011/06/29/dining/reviews/empellon-nyc-restaurant-review.html
542,https://www.nytimes.com/2000/08/30/dining/restaurants-gazetteer-of-italian-fare-with-eccentricity.html
543,https://www.nytimes.com/2006/08/16/dining/reviews/16rest.html
544,https://www.nytimes.com/2006/09/06/dining/arts/restaurant-preview-issue-on-the-mark.html
545,https://www.nytimes.com/2012/01/25/dining/reviews/parm-restaurant-review-nyc.html
546,https://www.nytimes.com/2008/04/02/dining/reviews/02rest.html
547,https://www.nytimes.com/2001/02/07/dining/restaurants-a-nice-confit-like-you-in-a-place-like-this.html
548,https://www.nytimes.com/2006/07/19/dining/reviews/19rest.html
549,https://www.nytimes.com/2012/02/29/dining/reviews/jungsik-intribeca-reinterprets-korean-cuisine.html
550,https://www.nytimes.com/2003/06/11/dining/restaurants-a-midtown-korean-with-downtown-verve.html
551,https://www.nytimes.com/2003/03/12/dining/restaurants-heading-out-on-a-southwestern-limb.html
552,https://www.nytimes.com/2016/06/08/dining/la-sirena-restaurant-review.html
553,https://www.nytimes.com/2007/08/08/dining/reviews/08rest.html
554,https://www.nytimes.com/2006/12/06/dining/reviews/06rest.html
555,https://www.nytimes.com/2004/09/29/dining/reviews/italian-from-the-region-near-whimsy.html
556,https://www.nytimes.com/2015/12/09/dining/sessanta-lamico-review.html
557,https://www.nytimes.com/2008/01/09/dining/reviews/09rest.html
558,https://www.nytimes.com/2011/11/16/dining/reviews/sushi-yasuda-nyc-restaurant-review.html
559,https://www.nytimes.com/2004/04/28/dining/restaurants-japanese-fusion-and-a-crowd-in-full-cry.html
560,https://www.nytimes.com/2004/05/19/dining/restaurants-n-awlins-crawling-on-columbus.html
561,https://www.nytimes.com/2010/09/15/dining/reviews/15rest.html
562,https://www.nytimes.com/2002/11/20/dining/restaurants-a-full-tilt-fiesta-in-a-crowded-mexican-spot.html
563,https://www.nytimes.com/2009/04/29/dining/reviews/29rest.html
564,https://www.nytimes.com/2012/06/06/dining/reviews/restaurant-review-neta-in-greenwich-village.html
565,https://www.nytimes.com/2009/09/02/dining/02tien.html
566,https://www.nytimes.com/2008/07/30/dining/reviews/30rest.html
567,https://www.nytimes.com/2006/08/02/dining/reviews/food-youd-almost-rather-hug-than-eat.html
568,https://www.nytimes.com/2009/11/18/dining/reviews/18rest.html
569,https://www.nytimes.com/2001/12/26/dining/restaurants-an-inventive-menu-that-travels-the-map.html
570,https://www.nytimes.com/1997/10/29/dining/restaurants-caviar-by-the-mother-of-pearl-spoonful.html
571,https://www.nytimes.com/2006/07/12/dining/reviews/12rest.html
572,https://www.nytimes.com/1999/11/10/dining/restaurants-cafe-dining-with-a-touch-of-cheek.html
573,https://www.nytimes.com/2000/05/10/dining/restaurants-what-s-a-nose-to-do-nothing.html
574,https://www.nytimes.com/1999/07/07/dining/restaurants-the-oven-even-does-dessert.html
575,https://www.nytimes.com/1999/01/06/dining/restaurants-old-fashioned-in-an-up-to-date-way.html
576,https://www.nytimes.com/2012/05/02/dining/reviews/cafe-china-in-midtown.html
577,https://www.nytimes.com/2007/09/05/dining/reviews/05rest.html
578,https://www.nytimes.com/2015/01/28/dining/restaurant-review-blue-smoke-and-north-end-grill.html
579,https://www.nytimes.com/2005/04/13/dining/reviews/italys-heel-steps-into-the-light.html
580,https://www.nytimes.com/1998/09/09/dining/restaurants-trying-to-make-food-part-of-the-allure.html
581,https://www.nytimes.com/2004/05/12/dining/restaurants-mexico-in-midtown-traditional-and-nuevo.html
582,https://www.nytimes.com/2007/12/19/dining/reviews/19rest.html
583,https://www.nytimes.com/2003/04/23/dining/restaurants-a-big-room-for-bigger-appetites.html
584,https://www.nytimes.com/2004/08/04/dining/restaurants-mexico-embellished.html
585,https://www.nytimes.com/2001/01/31/dining/restaurants-where-restraint-is-not-on-the-menu.html
586,https://www.nytimes.com/2003/03/19/dining/restaurants-a-sleight-of-hand-upstairs-and-down.html
587,https://www.nytimes.com/1999/05/05/dining/restaurants-a-dinner-party-among-intimate-strangers.html
588,https://www.nytimes.com/2018/03/06/dining/dadong-review-midtown-chinese-peking-duck.html
589,https://www.nytimes.com/2009/04/08/dining/reviews/08rest.html
590,https://www.nytimes.com/2009/06/24/dining/reviews/24rest.html
591,https://www.nytimes.com/2017/07/11/dining/little-tong-noodle-shop-review-east-village.html
592,https://www.nytimes.com/2009/07/15/dining/reviews/15rest.html
593,https://www.nytimes.com/2009/09/02/dining/02tside.html
594,https://www.nytimes.com/2007/05/16/dining/reviews/16rest.html
595,https://www.nytimes.com/2011/11/09/dining/reviews/rouge-et-blanc-nyc-restaurant-review.html
596,https://www.nytimes.com/2009/12/16/dining/reviews/16rest.html
597,https://www.nytimes.com/2017/05/02/dining/loring-place-review-greenwich-village.html
598,https://www.nytimes.com/1999/07/14/dining/restaurants-really-nice-and-good-looking-too.html
599,https://www.nytimes.com/2006/12/13/dining/reviews/13rest.html
600,https://www.nytimes.com/2006/05/03/dining/reviews/in-a-palace-of-plenty-supersize-surprises.html
601,https://www.nytimes.com/2005/07/13/dining/reviews/a-higher-view-of-whats-italian.html
602,https://www.nytimes.com/2002/06/12/dining/restaurants-where-a-casual-style-is-quite-serious.html
603,https://www.nytimes.com/2019/01/15/dining/benno-restaurant-review.html
604,https://www.nytimes.com/2002/05/01/dining/restaurants-spanish-notes-from-underground.html
605,https://www.nytimes.com/2000/03/29/dining/restaurants-special-effects-make-way-for-magic.html
606,https://www.nytimes.com/2010/03/03/dining/reviews/03rest.html
607,https://www.nytimes.com/2005/07/27/dining/reviews/where-japan-is-a-point-of-departure.html
608,https://www.nytimes.com/2006/08/16/dining/reviews/two-trailblazers-well-down-the-trail.html
609,https://www.nytimes.com/2019/03/26/dining/violet-pizza-review.html
610,https://www.nytimes.com/2012/05/16/dining/reviews/michael-toscano-provides-a-thrill-at-perla.html
611,https://www.nytimes.com/2001/11/07/dining/restaurants-understated-and-a-bit-underground.html
612,https://www.nytimes.com/1999/04/14/dining/restaurants-a-cozy-french-spot-in-a-village-square.html
613,https://www.nytimes.com/2007/05/23/dining/reviews/23rest.html
614,https://www.nytimes.com/1999/01/27/dining/restaurants-the-bustle-is-back-on-madison-square.html
615,https://www.nytimes.com/2019/01/22/dining/intersect-by-lexus-restaurant-review.html
616,https://www.nytimes.com/1998/08/05/dining/restaurants-a-short-trip-from-promising-to-polished.html
617,https://www.nytimes.com/2011/07/27/dining/reviews/palm-and-palm-too-nyc-restaurant-review.html
618,https://www.nytimes.com/2016/02/03/dining/benoit-review.html
619,https://www.nytimes.com/2005/12/28/dining/reviews/beyond-grape-leaves-on-east-seventh.html
620,https://www.nytimes.com/2000/11/29/dining/restaurants-a-cheeky-ambassador-of-the-british-scene.html
621,https://www.nytimes.com/2007/08/01/dining/reviews/01rest.html
622,https://www.nytimes.com/2012/03/28/dining/reviews/a-review-of-la-mar-cebicheria-peruana-in-manhattan.html
623,https://www.nytimes.com/2009/08/19/dining/reviews/19rest.html
624,https://www.nytimes.com/2008/07/23/dining/reviews/23rest.html
625,https://www.nytimes.com/2007/10/24/dining/reviews/24rest.html
626,https://www.nytimes.com/2004/04/14/dining/restaurants-a-steakhouse-with-a-soft-touch.html
627,https://www.nytimes.com/2003/01/29/dining/restaurants-a-menu-reaches-from-africa-to-europe.html
628,https://www.nytimes.com/2015/01/14/dining/restaurant-review-upland-on-park-avenue-south.html
629,https://www.nytimes.com/2006/12/20/dining/reviews/tastes-of-russia-but-one-without-borders.html
630,https://www.nytimes.com/2006/08/09/dining/reviews/a-stylish-uniform-for-general-tso.html
631,https://www.nytimes.com/2008/08/20/dining/reviews/20rest.html
632,https://www.nytimes.com/1999/12/08/dining/restaurants-a-new-muse-in-the-theater-district.html
633,https://www.nytimes.com/2007/02/21/dining/reviews/21rest.html
634,https://www.nytimes.com/2011/12/14/dining/seasonal-nyc-restaurant-review.html
635,https://www.nytimes.com/2002/08/28/dining/restaurants-the-cooking-of-naples-pure-and-simple.html
636,https://www.nytimes.com/2006/09/06/dining/arts/restaurant-preview-issue-not-quite.html
637,https://www.nytimes.com/2016/04/13/dining/i-sodi-restaurant-review.html
638,https://www.nytimes.com/2010/05/26/dining/reviews/26rest.html
639,https://www.nytimes.com/1998/07/15/dining/restaurants-the-boathouse-in-harmony-with-the-park.html
640,https://www.nytimes.com/1999/03/24/dining/restaurants-glitzing-up-the-west-side.html
641,https://www.nytimes.com/2005/11/02/dining/reviews/whimsy-ends-where-the-food-begins.html
642,https://www.nytimes.com/2005/06/15/dining/reviews/where-the-menu-is-a-highlights-tape.html
643,https://www.nytimes.com/2009/09/02/dining/02tony.html
644,https://www.nytimes.com/1999/01/13/dining/restaurants-a-menu-big-on-words-and-flavors.html
645,https://www.nytimes.com/2000/10/25/dining/restaurants-twisting-the-classics-italian-goes-nuova.html
646,https://www.nytimes.com/2006/06/07/dining/reviews/07rest.html
647,https://www.nytimes.com/2005/06/01/dining/reviews/a-pastry-chef-unleashed.html
648,https://www.nytimes.com/2002/09/25/dining/restaurants-latin-american-cuisine-takes-to-the-stage.html
649,https://www.nytimes.com/2017/03/28/dining/augustine-review-french-food-nyc-keith-mcnally.html
650,https://www.nytimes.com/1998/06/24/dining/restaurants-a-clairvoyant-in-the-kitchen.html
651,https://www.nytimes.com/2010/05/19/dining/reviews/19rest.html
652,https://www.nytimes.com/2008/09/10/dining/reviews/10brief-002.html
653,https://www.nytimes.com/2018/10/23/dining/hunan-slurp-review.html
654,https://www.nytimes.com/2018/08/21/dining/nobu-downtown-review-nobu-57.html
655,https://www.nytimes.com/2018/05/01/dining/la-mercerie-review-soho.html
656,https://www.nytimes.com/2009/12/30/dining/reviews/30rest.html
657,https://www.nytimes.com/2007/05/02/dining/reviews/02rest.html
658,https://www.nytimes.com/2011/04/06/dining/reviews/06rest.html
659,https://www.nytimes.com/2018/12/18/dining/bluebird-london-review.html
660,https://www.nytimes.com/2015/08/05/dining/restaurant-review-untitled-at-the-whitney-in-the-meatpacking-district.html
661,https://www.nytimes.com/1999/06/02/dining/restaurants-at-the-new-daniel-invention-meets-restraint.html
662,https://www.nytimes.com/2010/02/10/dining/reviews/10rest.html
663,https://www.nytimes.com/1999/02/17/dining/restaurants-a-transition-amid-the-elegance.html
664,https://www.nytimes.com/2008/04/09/dining/reviews/09rest.html
665,https://www.nytimes.com/2017/06/20/dining/don-peppe-review-italian-american-restaurant-queens.html
666,https://www.nytimes.com/1998/09/16/dining/restaurants-where-louis-xiv-might-go-for-dessert.html
667,https://www.nytimes.com/2018/11/20/dining/adda-indian-canteen-review.html
668,https://www.nytimes.com/2011/11/02/dining/reviews/saxon-parole-nyc-restaurant-review.html
669,https://www.nytimes.com/2015/08/12/dining/restaurant-review-chevalier-in-midtown.html
670,https://www.nytimes.com/2010/09/08/dining/reviews/08rest.html
671,https://www.nytimes.com/2009/09/16/dining/reviews/16rest.html
672,https://www.nytimes.com/2003/04/16/dining/restaurants-the-tough-club-reborn-as-a-gastro-pub.html
673,https://www.nytimes.com/2000/10/04/dining/restaurants-the-name-says-it-all-quietly.html
674,https://www.nytimes.com/2008/10/22/dining/reviews/22rest.html
675,https://www.nytimes.com/2008/05/07/dining/reviews/07rest.html
676,https://www.nytimes.com/2011/11/23/dining/reviews/isa-nyc-restaurant-review.html
677,https://www.nytimes.com/2016/10/19/dining/karasu-zadies-oyster-room-review.html
678,https://www.nytimes.com/2006/01/11/dining/reviews/11rest.html
679,https://www.nytimes.com/2014/12/03/dining/restaurant-review-danny-meyers-marta-in-nomad.html
680,https://www.nytimes.com/2010/10/06/dining/06rest.html
681,https://www.nytimes.com/2002/02/13/dining/restaurants-a-magnet-for-lovers-and-chefs-too.html
682,https://www.nytimes.com/2017/03/21/dining/sugarfish-by-sushi-nozawa-review.html
683,https://www.nytimes.com/2009/11/25/dining/reviews/25rest.html
684,https://www.nytimes.com/2011/03/09/dining/reviews/09rest.html
685,https://www.nytimes.com/2016/10/12/dining/pondicheri-restaurant-review.html
686,https://www.nytimes.com/2002/12/25/dining/restaurants-a-shanghai-banquet-edited-down.html
687,https://www.nytimes.com/2009/02/11/dining/reviews/11rest.html
688,https://www.nytimes.com/2002/05/29/dining/restaurants-a-frump-does-something-about-it.html
689,https://www.nytimes.com/2018/09/25/dining/kopitiam-restaurant-review.html
690,https://www.nytimes.com/2003/10/08/dining/restaurants-to-see-and-to-be-seen-perchance-to-dine.html
691,https://www.nytimes.com/2006/04/05/dining/reviews/a-consistency-that-works-on-two-levels.html
692,https://www.nytimes.com/2011/03/16/dining/reviews/16rest.html
693,https://www.nytimes.com/2011/01/26/dining/reviews/26rest.html
694,https://www.nytimes.com/2015/04/22/dining/restaurant-review-santina-in-the-meatpacking-district.html
695,https://www.nytimes.com/2003/12/10/dining/restaurants-where-sushi-is-a-high-energy-meal.html
696,https://www.nytimes.com/1998/11/04/dining/restaurants-a-luxurious-room-with-big-ambitions.html
697,https://www.nytimes.com/2006/09/13/dining/reviews/13rest.html
698,https://www.nytimes.com/2006/11/08/dining/reviews/birds-still-soar-and-theyre-not-alone.html
699,https://www.nytimes.com/1999/10/06/dining/restaurants-an-imaginative-hand-in-the-theater-district.html
700,https://www.nytimes.com/2002/02/27/dining/restaurants-waiter-there-s-beer-in-my-consomme.html
701,https://www.nytimes.com/2017/08/08/dining/nur-review-middle-eastern-restaurant.html
702,https://www.nytimes.com/2018/07/17/dining/una-pizza-napoletana-review.html
703,https://www.nytimes.com/2009/10/07/dining/reviews/07rest.html
704,https://www.nytimes.com/2014/10/01/dining/restaurant-review-keith-mcnallys-cherche-midi.html
705,https://www.nytimes.com/2018/11/27/dining/saint-julivert-fisherie-review.html
706,https://www.nytimes.com/2009/05/20/dining/reviews/20rest.html
707,https://www.nytimes.com/2004/04/07/dining/restaurants-a-new-chef-and-a-fresh-start.html
708,https://www.nytimes.com/2006/02/01/dining/reviews/a-sea-of-comfortable-choices.html
709,https://www.nytimes.com/2002/09/11/dining/restaurants-what-lies-beneath-serious-mexican-food.html
710,https://www.nytimes.com/2018/10/02/dining/village-cafe-review-brooklyn.html
711,https://www.nytimes.com/2009/01/14/dining/reviews/14rest.html
712,https://www.nytimes.com/2001/05/02/dining/restaurants-midtown-elegance-one-floor-down.html
713,https://www.nytimes.com/2017/01/10/dining/flora-bar-review.html
714,https://www.nytimes.com/2000/11/08/dining/restaurants-tihany-dresses-a-dowager.html
715,https://www.nytimes.com/2000/11/01/dining/restaurants-at-ducasse-lots-of-luxury-but-just-1-pen.html
716,https://www.nytimes.com/2000/06/28/dining/restaurants-the-name-s-a-hint-of-the-lures-that-await.html
717,https://www.nytimes.com/2002/03/27/dining/restaurants-a-fresh-start-for-a-pioneer-of-park-slope.html
718,https://www.nytimes.com/2001/11/21/dining/restaurants-vietnamese-cuisine-that-plays-long-shots.html
719,https://www.nytimes.com/2003/10/15/dining/restaurants-no-fuss-fusion-on-clinton-street.html
720,https://www.nytimes.com/2006/02/08/dining/reviews/eyeopening-eyebrowraising.html
721,https://www.nytimes.com/2008/01/02/dining/02rest.html
722,https://www.nytimes.com/2003/09/03/dining/restaurants-a-gentle-spin-for-a-new-american-bistro.html
723,https://www.nytimes.com/1998/08/12/dining/restaurants-a-provocative-menu-a-confident-chef.html
724,https://www.nytimes.com/2012/08/01/dining/reviews/reynard-in-williamsburg-brooklyn-restaurant-review.html
725,https://www.nytimes.com/2011/05/11/dining/reviews/the-national-in-midtown-nyc-restaurant-review.html
726,https://www.nytimes.com/2008/03/19/dining/reviews/19rest.html
727,https://www.nytimes.com/1998/12/23/dining/restaurants-a-nobu-where-you-can-just-drop-in.html
728,https://www.nytimes.com/1999/06/30/dining/restaurants-a-rural-italian-stage-a-complicated-script.html
729,https://www.nytimes.com/2004/09/15/dining/reviews/a-japanese-secret-fresh-and-simple.html
730,https://www.nytimes.com/2016/02/10/dining/llama-inn-review.html
731,https://www.nytimes.com/2016/05/18/dining/momofuku-nishi-review.html
732,https://www.nytimes.com/2004/09/08/dining/the-magic-of-napa-with-urban-polish.html
733,https://www.nytimes.com/2001/06/06/dining/restaurants-lutece-leaves-the-past-and-steps-into-the-future.html
734,https://www.nytimes.com/2017/05/09/dining/atoboy-review-korean-restaurant-nyc.html
735,https://www.nytimes.com/2012/12/26/dining/reviews/12-restaurant-triumphs-of-2012.html
736,https://www.nytimes.com/2012/10/03/dining/reviews/restaurant-review-calliope-in-the-east-village.html
737,https://www.nytimes.com/2004/09/01/dining/reviews/a-french-classic-in-a-brasseries-hat.html
738,https://www.nytimes.com/2000/04/19/dining/restaurants-greet-your-fish-and-eat-it-too.html
739,https://www.nytimes.com/2007/04/18/dining/reviews/18rest.html
740,https://www.nytimes.com/2018/11/06/dining/mamas-too-review.html
741,https://www.nytimes.com/2000/04/26/dining/restaurants-dining-in-a-grand-central-perch.html
742,https://www.nytimes.com/2016/07/06/dining/nix-restaurant-review-greenwich-village.html
743,https://www.nytimes.com/2002/10/16/dining/restaurants-gutsy-pairings-in-a-stylized-rustic-setting.html
744,https://www.nytimes.com/2011/08/10/dining/reviews/boulud-sud-nyc-restaurant-review.html
745,https://www.nytimes.com/2000/01/26/dining/restaurants-a-trattoria-as-well-meaning-as-grandma.html
746,https://www.nytimes.com/2001/09/12/dining/restaurants-a-dream-of-a-classic-bistro-or-nearly.html
747,https://www.nytimes.com/2001/12/19/dining/restaurants-at-ducasse-a-ticket-to-the-stratosphere.html
748,https://www.nytimes.com/2009/07/01/dining/reviews/01rest.html
749,https://www.nytimes.com/2008/09/17/dining/reviews/17rest.html
750,https://www.nytimes.com/2006/06/21/dining/reviews/a-sushi-pioneer-gets-a-slinky-little-sister.html
751,https://www.nytimes.com/2003/08/27/dining/restaurants-never-a-trifle-the-truffle-gets-its-due.html
752,https://www.nytimes.com/2005/08/17/dining/reviews/the-rich-dished-up-to-the-famous.html
753,https://www.nytimes.com/2003/03/05/dining/restaurants-oysters-are-the-catch-of-the-day-every-day.html
754,https://www.nytimes.com/2009/05/27/dining/reviews/27rest.html
755,https://www.nytimes.com/2001/05/09/dining/restaurants-a-glittery-circus-with-many-rings.html
756,https://www.nytimes.com/2002/07/31/dining/restaurants-ever-see-a-porterhouse-bow-to-brooklyn.html
757,https://www.nytimes.com/2000/08/16/dining/restaurants-where-few-bistros-have-gone-before.html
758,https://www.nytimes.com/2016/12/27/dining/the-odeon-review.html
759,https://www.nytimes.com/2010/10/27/dining/reviews/27rest.html
760,https://www.nytimes.com/2001/05/23/dining/restaurants-a-fearless-chef-with-an-artistic-streak.html
761,https://www.nytimes.com/2001/04/11/dining/restaurants-it-s-not-home-but-it-wants-to-be.html
762,https://www.nytimes.com/1999/03/10/dining/restaurants-where-history-is-always-on-the-menu.html
763,https://www.nytimes.com/1998/12/02/dining/restaurants-lespinasse-and-its-chef-exchange-an-elegant-embrace.html
764,https://www.nytimes.com/2011/06/15/dining/reviews/masa-nyc-restaurant-review.html
765,https://www.nytimes.com/2004/06/09/dining/restaurants-arias-from-the-kitchen-as-the-dining-room-rocks.html
766,https://www.nytimes.com/2000/12/20/dining/restaurants-the-new-boar-on-the-butchers-block.html
767,https://www.nytimes.com/2000/03/08/dining/restaurants-a-tribeca-spot-overcomes-its-modesty.html
768,https://www.nytimes.com/1999/03/31/dining/restaurants-goodbye-thanks-and-some-answers.html
769,https://www.nytimes.com/2008/07/09/dining/reviews/09rest.html
770,https://www.nytimes.com/2016/01/27/dining/achilles-heel-resto-review.html
771,https://www.nytimes.com/2001/05/16/dining/restaurants-a-small-space-with-a-lot-to-share.html
772,https://www.nytimes.com/2008/10/15/dining/reviews/15rest.html
773,https://www.nytimes.com/2019/02/19/dining/bistro-pierre-lapin-review.html
774,https://www.nytimes.com/2017/02/21/dining/sahib-review-indian-restaurant-nyc.html
775,https://www.nytimes.com/2015/05/20/dining/restaurant-review-javelina-in-gramercy-park.html
776,https://www.nytimes.com/2005/12/21/dining/reviews/tapas-with-a-disco-beat.html
777,https://www.nytimes.com/2004/06/30/dining/restaurants-eat-up-but-don-t-tell-your-cardiologist.html
778,https://www.nytimes.com/2005/10/12/dining/reviews/take-my-steak-please.html
779,https://www.nytimes.com/2004/10/13/dining/it-was-hot-it-was-cool-that-was-then.html
780,https://www.nytimes.com/1998/07/29/dining/restaurants-a-steakhouse-as-tranquil-as-a-tearoom.html
781,https://www.nytimes.com/2010/11/10/dining/reviews/10rest.html
782,https://www.nytimes.com/2010/03/10/dining/reviews/10Rest.html
783,https://www.nytimes.com/2010/02/24/dining/reviews/24rest.html
784,https://www.nytimes.com/2016/05/11/dining/cafe-altro-paradiso-review.html
785,https://www.nytimes.com/2012/01/18/dining/reviews/romera-new-york-nyc-review.html
786,https://www.nytimes.com/2012/08/08/dining/reviews/nicoletta-nyc-restaurant-review.html
787,https://www.nytimes.com/2009/02/04/dining/reviews/04rest.html
788,https://www.nytimes.com/2016/09/14/dining/hao-noodle-and-tea-by-madam-zhus-kitchen-review.html
789,https://www.nytimes.com/2009/09/02/dining/02now.html
790,https://www.nytimes.com/2006/06/14/dining/reviews/grecoitalian-with-zebra-stripes.html
791,https://www.nytimes.com/2005/03/30/style/dining/restaurants-where-to-take-thoreau-and-dr-atkins.html
792,https://www.nytimes.com/2009/09/02/dining/02rich.html
793,https://www.nytimes.com/2007/03/21/dining/reviews/21rest.html
794,https://www.nytimes.com/2004/02/18/dining/restaurants-hints-of-oaxaca-near-piles-of-carpets.html
795,https://www.nytimes.com/2002/04/17/dining/restaurants-a-bold-bistro-stays-the-course-gracefully.html
796,https://www.nytimes.com/1999/12/29/dining/restaurants-a-romantic-quirky-tribute-to-eve-s-apple.html
797,https://www.nytimes.com/2006/10/25/dining/reviews/for-bond-traders-and-other-carnivores.html
798,https://www.nytimes.com/1999/06/09/dining/restaurants-in-a-cozy-cabin-amid-the-shooting-stars.html
799,https://www.nytimes.com/1998/12/16/dining/restaurants-saluting-the-tastes-of-andes-and-pampas.html
800,https://www.nytimes.com/2006/09/06/dining/fall-preview-dining-out.html
801,https://www.nytimes.com/2018/12/31/dining/hwaban-korean-restaurant-review.html
802,https://www.nytimes.com/2014/11/26/dining/restaurant-review-bar-bolonat-in-the-west-village.html
803,https://www.nytimes.com/2014/12/24/dining/restaurant-review-botequim-in-the-east-village.html
804,https://www.nytimes.com/2015/07/29/dining/restaurant-review-el-rey-coffee-bar-luncheonette-on-the-lower-east-side.html
805,https://www.nytimes.com/1999/09/01/dining/restaurants-even-the-doggy-bags-really-care.html
806,https://www.nytimes.com/2018/05/22/dining/wokuni-sushi-japanese-restaurant.html
807,https://www.nytimes.com/2002/10/23/dining/restaurants-rustic-portuguese-with-no-apologies.html
808,https://www.nytimes.com/2005/06/22/dining/reviews/not-the-place-to-wear-hot-pink.html
809,https://www.nytimes.com/2011/06/08/dining/reviews/imperial-no-nine-nyc-restaurant-review.html
810,https://www.nytimes.com/2001/08/22/dining/restaurants-midtown-playground-for-an-uptown-chef.html
811,https://www.nytimes.com/2001/02/21/dining/restaurants-a-flight-of-fancy-begins-in-portugal.html
812,https://www.nytimes.com/2001/10/03/dining/restaurants-now-they-ll-even-cook-it-for-you.html
813,https://www.nytimes.com/2009/06/03/dining/reviews/03rest.html
814,https://www.nytimes.com/2008/06/04/dining/reviews/04rest.html
815,https://www.nytimes.com/2005/11/16/dining/tokyo-in-midtown-english-optional.html
816,https://www.nytimes.com/2016/11/02/dining/le-coucou-review.html
817,https://www.nytimes.com/2004/10/27/dining/familiar-formula-with-an-italian-spin.html
818,https://www.nytimes.com/2003/07/09/dining/restaurants-japanese-traditions-a-la-francaise.html
819,https://www.nytimes.com/2012/04/04/dining/reviews/gwynnett-st-in-williamsburg-brooklyn.html
820,https://www.nytimes.com/2003/01/15/dining/restaurants-big-american-food-is-just-the-half-of-it.html
821,https://www.nytimes.com/2001/12/12/dining/restaurants-all-american-spot-tackles-the-moment.html
822,https://www.nytimes.com/2001/09/26/dining/restaurants-asian-flair-and-a-side-of-people-watching.html
823,https://www.nytimes.com/2015/03/25/dining/restaurant-review-little-park-in-tribeca.html
824,https://www.nytimes.com/1998/10/07/dining/restaurants-a-surprise-for-the-reluctant-gourmet.html
825,https://www.nytimes.com/2010/12/01/dining/reviews/01rest.html
826,https://www.nytimes.com/2017/05/22/dining/italienne-review-restaurant-jared-sippel.html
827,https://www.nytimes.com/2004/11/03/dining/a-thai-pilgrimage-leads-to-queens.html
828,https://www.nytimes.com/2017/09/19/dining/prune-review.html
829,https://www.nytimes.com/2010/01/06/dining/reviews/06rest.html
830,https://www.nytimes.com/2006/05/24/dining/reviews/dont-like-the-ambience-switch-floors.html
831,https://www.nytimes.com/2011/04/20/dining/reviews/20Rest.html
832,https://www.nytimes.com/2006/11/29/dining/reviews/29rest.html
833,https://www.nytimes.com/2011/09/28/dining/reviews/miss-lilys-and-coppelia-nyc-restaurant-review.html
834,https://www.nytimes.com/2000/09/20/dining/restaurants-the-empire-that-guacamole-built.html
835,https://www.nytimes.com/2009/09/02/dining/02miss.html
836,https://www.nytimes.com/2003/07/16/dining/restaurants-on-49th-street-a-cool-breeze-from-mexico.html
837,https://www.nytimes.com/2000/09/06/dining/restaurants-a-chef-delivers-his-own-private-austria.html
838,https://www.nytimes.com/2006/11/15/dining/reviews/a-texas-saloon-rides-into-town.html
839,https://www.nytimes.com/2005/01/05/dining/italian-rustic-just-off-broadway.html
840,https://www.nytimes.com/2019/01/08/dining/momofuku-bang-bar-review.html
841,https://www.nytimes.com/2015/05/06/dining/restaurant-review-mu-ramen-in-long-island-city-queens.html
842,https://www.nytimes.com/2010/01/20/dining/reviews/20rest.html
843,https://www.nytimes.com/2004/07/07/dining/restaurants-a-hidden-farmhouse-in-manhattan.html
844,https://www.nytimes.com/1998/07/22/dining/restaurants-the-simple-pleasures-of-rural-tuscany.html
845,https://www.nytimes.com/2003/05/28/dining/restaurants-splendor-on-the-bowery.html
846,https://www.nytimes.com/2000/04/05/dining/restaurants-a-neighborhood-place-without-boundaries.html
847,https://www.nytimes.com/2008/09/24/dining/reviews/24rest.html
848,https://www.nytimes.com/2003/08/06/dining/restaurants-two-scripts-on-an-italian-stage.html
849,https://www.nytimes.com/2007/07/11/dining/reviews/11rest.html
850,https://www.nytimes.com/2016/03/16/dining/insa-restaurant-review.html
851,https://www.nytimes.com/2005/03/09/dining/reviews/defying-trends-with-meat-and-potatoes.html
852,https://www.nytimes.com/2006/03/08/dining/reviews/edelweiss-with-a-dash-of-oompah.html
853,https://www.nytimes.com/2018/06/19/dining/legacy-records-review.html
854,https://www.nytimes.com/2014/12/10/dining/restaurant-review-dirty-french-on-the-lower-east-side.html
855,https://www.nytimes.com/2006/04/26/dining/reviews/a-waiting-game-with-savory-rewards.html
856,https://www.nytimes.com/2003/05/21/dining/restaurants-where-coming-attractions-are-the-show.html
857,https://www.nytimes.com/2001/04/25/dining/restaurants-a-find-once-found.html
858,https://www.nytimes.com/2006/05/31/dining/reviews/giving-beer-its-place-at-the-table.html
859,https://www.nytimes.com/2006/02/15/dining/reviews/a-chef-returns-inspired-by-ingredients.html
860,https://www.nytimes.com/2003/01/01/dining/restaurants-tapas-meet-the-techno-set.html
861,https://www.nytimes.com/2002/08/07/dining/restaurants-all-spicy-thai-rhythm-and-sculpture.html
862,https://www.nytimes.com/2001/11/28/dining/restaurants-morocco-is-next-stop-for-a-corner-bistro.html
863,https://www.nytimes.com/2007/10/31/dining/reviews/31rest.html
864,https://www.nytimes.com/2016/06/01/dining/mr-donahues-ruffian-wine-bar-restaurant-review.html
865,https://www.nytimes.com/2018/04/03/dining/claro-review-brooklyn-oaxacan.html
866,https://www.nytimes.com/2009/01/21/dining/reviews/21rest.html
867,https://www.nytimes.com/2006/08/09/dining/reviews/09rest.html
868,https://www.nytimes.com/2018/03/27/dining/chez-ma-tante-review-brookyn.html
869,https://www.nytimes.com/2001/10/31/dining/restaurants-an-italian-master-in-a-new-groove.html
870,https://www.nytimes.com/2009/08/26/dining/reviews/26rest.html
871,https://www.nytimes.com/2007/09/12/dining/reviews/12rest.html
872,https://www.nytimes.com/2006/02/22/dining/reviews/border-jumping-as-a-culinary-sport.html
873,https://www.nytimes.com/2015/11/18/dining/tempura-matsui-murray-hill-review.html
874,https://www.nytimes.com/2003/06/25/dining/restaurants-the-light-of-nice-shines-on-the-west-side.html
875,https://www.nytimes.com/2011/12/07/dining/reviews/monkey-bar-nyc-restaurant-review.html
876,https://www.nytimes.com/1999/05/26/dining/restaurants-and-now-unmistakably-from-the-pacific-rim.html
877,https://www.nytimes.com/2000/03/22/dining/restaurants-the-belle-of-tribeca-is-now-a-grande-dame.html
878,https://www.nytimes.com/2002/10/30/dining/restaurants-from-an-indian-chef-tandoori-fare-and-wild-cards.html
879,https://www.nytimes.com/2004/07/28/dining/restaurants-fresh-and-local-but-there-s-more.html
880,https://www.nytimes.com/2008/11/05/dining/reviews/05rest.html
881,https://www.nytimes.com/2005/11/09/dining/reviews/so-ambitious-so-impossibly-thin.html
882,https://www.nytimes.com/2018/01/23/dining/pasta-flyer-martina-review.html
883,https://www.nytimes.com/2014/10/08/dining/restaurant-review-huertas-in-the-east-village.html
884,https://www.nytimes.com/2012/04/11/dining/reviews/kyo-ya-nyc-restaurant-review.html
885,https://www.nytimes.com/2007/07/04/dining/reviews/04rest.html
886,https://www.nytimes.com/2007/01/10/dining/reviews/10rest.html
887,https://www.nytimes.com/2005/10/26/dining/yelping-warriors-and-rocks-in-the-broth.html
888,https://www.nytimes.com/2018/10/30/dining/henry-at-life-hotel-by-jj-review.html
889,https://www.nytimes.com/2010/06/02/dining/reviews/02rest.html
890,https://www.nytimes.com/2002/04/24/dining/restaurants-a-japanese-french-hybrid-in-little-bites.html
891,https://www.nytimes.com/1998/11/11/dining/restaurants-redecorated-ambitious-and-neighborly.html
892,https://www.nytimes.com/2004/05/05/dining/restaurants-spaetzle-and-schnitzel-unclouded-by-foam.html
893,https://www.nytimes.com/2016/10/05/dining/carla-hall-southern-kitchen-review.html
894,https://www.nytimes.com/2006/05/17/dining/reviews/17rest.html
895,https://www.nytimes.com/2001/07/18/dining/restaurants-a-spirited-cafe-reaches-for-the-next-decade.html
896,https://www.nytimes.com/2015/07/22/dining/restaurant-review-lupulo-in-chelsea.html
897,https://www.nytimes.com/2011/02/09/dining/reviews/09rest.html
898,https://www.nytimes.com/2009/05/13/dining/reviews/13rest.html
899,https://www.nytimes.com/2013/08/20/dining/in-seafood-pajeon-squid-laced-with-crispy-batter.html
900,https://www.nytimes.com/2005/08/31/dining/reviews/a-secret-too-dark-to-keep.html
901,https://www.nytimes.com/2016/07/27/dining/pasquale-jones-review-little-italy.html
902,https://www.nytimes.com/2003/01/22/dining/restaurants-bootlegger-s-tap-and-a-door-swings-open.html
903,https://www.nytimes.com/2010/07/21/dining/reviews/21rest.html
904,https://www.nytimes.com/1999/03/03/dining/restaurants-a-tiny-spot-where-wine-is-the-star.html
905,https://www.nytimes.com/2015/12/02/dining/vaucluse-review.html
906,https://www.nytimes.com/2000/08/09/dining/restaurants-diners-and-dinner-exchanging-glances.html
907,https://www.nytimes.com/2005/05/25/dining/reviews/japanese-chic-with-volume-turned-up.html
908,https://www.nytimes.com/1998/10/21/dining/restaurants-vongerichten-s-underground-laboratory.html
909,https://www.nytimes.com/2015/01/07/dining/restaurant-review-kappo-masa-on-the-upper-east-side.html
910,https://www.nytimes.com/2002/09/18/dining/restaurants-classical-elegance-with-food-au-courant.html
911,https://www.nytimes.com/1999/11/17/dining/restaurants-a-funny-thing-s-happening-in-chelsea.html
912,https://www.nytimes.com/2018/03/15/dining/junebaby-review-seattle-black-southern-food.html
913,https://www.nytimes.com/2011/10/12/dining/reviews/per-se-nyc-restaurant-review.html
914,https://www.nytimes.com/2000/05/24/dining/restaurants-still-a-star-of-the-southwest.html
915,https://www.nytimes.com/2016/07/13/dining/mimi-restaurant-review.html
916,https://www.nytimes.com/2012/06/27/dining/reviews/pok-pok-ny-brooklyn-restaurant-review.html
917,https://www.nytimes.com/2010/01/13/dining/reviews/13rest.html
918,https://www.nytimes.com/2009/01/28/dining/reviews/28rest.html
919,https://www.nytimes.com/2007/03/28/dining/reviews/28rest.html
920,https://www.nytimes.com/2009/06/17/dining/reviews/17rest.html
921,https://www.nytimes.com/2015/12/23/dining/wassail-review.html
922,https://www.nytimes.com/2005/02/16/dining/reviews/the-old-kid-on-the-block.html
923,https://www.nytimes.com/2017/12/19/dining/wallse-review-austrian-restaurant.html
924,https://www.nytimes.com/2002/07/17/dining/restaurants-greek-fare-in-the-classic-home-tradition.html
925,https://www.nytimes.com/1999/02/10/dining/restaurants-trimming-the-fat-from-power-dining.html
926,https://www.nytimes.com/2012/01/04/dining/wong-greenwich-village-restaurants.html
927,https://www.nytimes.com/2019/03/19/dining/odo-restaurant-review.html
928,https://www.nytimes.com/2011/07/13/dining/reviews/brushstroke-nyc-restaurant-review.html
929,https://www.nytimes.com/2006/10/18/dining/reviews/18rest.html
930,https://www.nytimes.com/2004/03/24/dining/restaurants-fancy-street-food-but-what-a-street.html
931,https://www.nytimes.com/2006/01/04/dining/reviews/two-approaches-to-mexican-tradition.html
932,https://www.nytimes.com/2018/10/09/dining/manhatta-restaurant-review.html
933,https://www.nytimes.com/2005/04/20/dining/reviews/elevator-to-the-ocean.html
934,https://www.nytimes.com/2018/07/24/dining/momofuku-ko-bar-review.html
935,https://www.nytimes.com/2006/09/06/dining/opening-this-september-tropical-turkish-and-texan.html
936,https://www.nytimes.com/2008/03/12/dining/reviews/12rest.html
937,https://www.nytimes.com/2006/01/18/dining/reviews/one-reason-to-stop-resenting-mondays.html
938,https://www.nytimes.com/2002/02/06/dining/restaurants-a-bit-of-paris-in-old-new-york.html
939,https://www.nytimes.com/2006/09/06/dining/reviews/06rest.html
940,https://www.nytimes.com/2000/04/12/dining/restaurants-latin-cuisine-abundantly-explained.html
941,https://www.nytimes.com/2017/11/07/dining/sen-sakana-review-peruvian-food-nikkei.html
942,https://www.nytimes.com/1999/04/07/dining/restaurants-a-local-favorite-aspiring-to-be-more.html
943,https://www.nytimes.com/2007/11/21/dining/reviews/21rest.html
944,https://www.nytimes.com/2009/09/02/dining/02nate.html
945,https://www.nytimes.com/2010/02/17/dining/reviews/17rest.html
946,https://www.nytimes.com/1999/12/01/dining/restaurants-seafood-with-few-airs-but-several-graces.html
947,https://www.nytimes.com/2008/01/30/dining/reviews/30rest.html
948,https://www.nytimes.com/2019/05/21/dining/hanon-review.html
949,https://www.nytimes.com/2006/09/27/dining/reviews/27rest.html
950,https://www.nytimes.com/2000/07/05/dining/restaurants-neighborhood-bistro-and-memory-palace.html
951,https://www.nytimes.com/2011/01/12/dining/reviews/12rest.html
952,https://www.nytimes.com/1999/11/24/dining/restaurants-a-reincarnated-dove-smaller-but-genuine.html
953,https://www.nytimes.com/2007/02/14/dining/reviews/14rest.html
954,https://www.nytimes.com/1999/12/15/dining/restaurants-first-the-new-russia-now-the-new-tea-room.html
955,https://www.nytimes.com/2009/01/07/dining/07rest.html
956,https://www.nytimes.com/2012/02/22/dining/reviews/shake-shack-struggles-with-inconsistency.html
957,https://www.nytimes.com/2009/12/02/dining/reviews/02rest.html
958,https://www.nytimes.com/2009/09/02/dining/02branch.html
959,https://www.nytimes.com/2004/04/21/dining/restaurants-corner-bistro-with-backbone.html
960,https://www.nytimes.com/2011/08/03/dining/reviews/leopard-at-des-artistes-nyc-restaurant-review.html
961,https://www.nytimes.com/2017/02/07/dining/white-gold-butchers-review-april-bloomfield-restaurant.html
962,https://www.nytimes.com/1999/05/12/dining/restaurants-new-asian-accents-amid-old-world-details.html
963,https://www.nytimes.com/2012/01/11/dining/reviews/la-promenade-des-anglais-nyc-restaurant-review.html
964,https://www.nytimes.com/2009/02/18/dining/reviews/18rest.html
965,https://www.nytimes.com/2003/02/19/dining/restaurants-a-menu-journeys-to-the-back-of-beyond.html
966,https://www.nytimes.com/2012/05/09/dining/reviews/a-review-of-la-silhouette-in-hells-kitchen.html
967,https://www.nytimes.com/2010/04/28/dining/reviews/28rest.html
968,https://www.nytimes.com/2004/03/10/dining/restaurants-fusion-as-it-used-to-be-but-more-exotic.html
969,https://www.nytimes.com/2017/07/25/dining/atla-review-mexican-restaurant-noho.html
970,https://www.nytimes.com/2001/03/21/dining/restaurants-something-for-everyone-on-every-plate.html
971,https://www.nytimes.com/2010/04/21/dining/reviews/21rest.html
972,https://www.nytimes.com/2010/01/27/dining/reviews/27rest.html
973,https://www.nytimes.com/2001/02/28/dining/restaurants-a-simple-equation-for-the-financial-district.html
974,https://www.nytimes.com/2009/09/02/dining/02later.html
975,https://www.nytimes.com/2012/08/29/dining/reviews/rosemarys-in-greenwich-village.html
976,https://www.nytimes.com/2008/02/13/dining/reviews/13rest.html
977,https://www.nytimes.com/2011/04/27/dining/reviews/27rest.html
978,https://www.nytimes.com/2011/01/19/dining/reviews/19rest.html
979,https://www.nytimes.com/2006/12/20/dining/reviews/20rest.html
980,https://www.nytimes.com/2005/03/16/style/dining/restaurants-only-the-four-stars-remain-constant.html
981,https://www.nytimes.com/2009/04/15/dining/reviews/15rest.html
982,https://www.nytimes.com/2017/11/28/dining/ugly-baby-review-thai-brooklyn.html
983,https://www.nytimes.com/2013/07/16/dining/ravioli-with-burrata-brought-home-from-rome.html
984,https://www.nytimes.com/2001/07/04/dining/restaurants-quickly-at-home-on-the-upper-west-side.html
985,https://www.nytimes.com/2016/01/20/dining/la-chine-review.html
